"test","estimate","conf_low","conf_high","t_statistic","p_value"
"age_mean_difference",0.889821131171907,-1.03421989048286,-0.745422371860953,-12.0778562028241,1.4188369672566e-33
"death_proportion_difference",0.0409725294046562,-0.0431899081854371,-0.0387551506238753,-36.2162648096219,3.00052312286252e-286
