"group","n_age","mean_age","sd_age","n_death","death_count","death_prop","age_t_statistic","age_p_value","age_conf_low","age_conf_high","death_t_statistic","death_p_value","death_conf_low","death_conf_high","mean_age_diff","death_prop_diff"
"female",104835,41.2793437306243,16.5757234083403,104880,5489,0.0523360030511068,-12.0778562028241,1.4188369672566e-33,-1.03421989048286,-0.745422371860953,-36.2162648096219,3.00052312286252e-286,-0.0431899081854371,-0.0387551506238753,0.889821131171907,0.0409725294046562
"male",104809,42.1691648617962,17.1522095700827,104835,9782,0.093308532455763,-12.0778562028241,1.4188369672566e-33,-1.03421989048286,-0.745422371860953,-36.2162648096219,3.00052312286252e-286,-0.0431899081854371,-0.0387551506238753,0.889821131171907,0.0409725294046562
